<?xml version="1.0" encoding="UTF-8"?>
<ns0:SvcConfig xmlns:ns0="http://www.dbs.com/schemas/HealthCheckReport/SvcConfig.xsd">
    <ns0:Services>
        <ns0:ServiceInfo>
            <ns0:SvcName>queryParty</ns0:SvcName>
            <ns0:Operation>CustNameSrh</ns0:Operation>
            <ns0:SoapAction>/DBS/Services/PartyDataManagement/queryParty/v4_3</ns0:SoapAction>
            <ns0:MsgFile>//ConfigFiles/CCTR_Request/CCTR_CustNameSrh.txt</ns0:MsgFile>
            <ns0:SvcHost>10.91.35.41</ns0:SvcHost>
            <ns0:SvcPort>37188</ns0:SvcPort>
            <ns0:Track>CCTR</ns0:Track>
        </ns0:ServiceInfo>
        <ns0:ServiceInfo>
            <ns0:SvcName>retrievePartyProductProfile</ns0:SvcName>
            <ns0:Operation>CustProdInq</ns0:Operation>
            <ns0:SoapAction>/DBS/Services/PartyDataManagement/retrievePartyProductProfile/v4_5</ns0:SoapAction>
            <ns0:MsgFile>//ConfigFiles/CCTR_Request/CCTR_CustProdInq.txt</ns0:MsgFile>
            <ns0:SvcHost>10.91.35.41</ns0:SvcHost>
            <ns0:SvcPort>37188</ns0:SvcPort>
            <ns0:Track>CCTR</ns0:Track>
        </ns0:ServiceInfo>
        <ns0:ServiceInfo>
            <ns0:SvcName>MarketingPrefUpdate</ns0:SvcName>
            <ns0:Operation>MarketingPrefUpdate</ns0:Operation>
            <ns0:SoapAction>/DBS/Services/OrchSvc/MarketingPrefUpdate/v4_4</ns0:SoapAction>
            <ns0:MsgFile>//ConfigFiles/CCTR_Request/CCTR_MktgPrefUpd.txt</ns0:MsgFile>
            <ns0:SvcHost>10.91.35.41</ns0:SvcHost>
            <ns0:SvcPort>37216</ns0:SvcPort>
            <ns0:Track>CCTR</ns0:Track>
        </ns0:ServiceInfo>
		<ns0:ServiceInfo>
			<ns0:SvcName>FDDepInq</ns0:SvcName>
			<ns0:Operation>retrieveDepositFulFillmentFD</ns0:Operation>
			<ns0:SoapAction>/DBS/Services/DepositAccount/retrieveDepositFulFillmentFD/v4_3</ns0:SoapAction>
			<ns0:MsgFile>//ConfigFiles/CRM_Request/CRM_FDDepInq.txt</ns0:MsgFile>
			<ns0:SvcHost>10.91.35.41</ns0:SvcHost>
			<ns0:SvcPort>37187</ns0:SvcPort>
			<ns0:Track>CRM</ns0:Track>
		</ns0:ServiceInfo>	
		<ns0:ServiceInfo>
			<ns0:SvcName>AcctDetailInq</ns0:SvcName>
			<ns0:Operation>retrieveAccountDetails</ns0:Operation>
			<ns0:SoapAction>/DBS/Services/PositionManagement/retrieveAccountDetails/v4_4</ns0:SoapAction>
			<ns0:MsgFile>//ConfigFiles/CRM_Request/CRM_AccountDetails.txt</ns0:MsgFile>
			<ns0:SvcHost>10.91.35.41</ns0:SvcHost>
			<ns0:SvcPort>37187</ns0:SvcPort>
			<ns0:Track>CRM</ns0:Track>
		</ns0:ServiceInfo>
		<ns0:ServiceInfo>
			<ns0:SvcName>TranhistInq</ns0:SvcName>
			<ns0:Operation>retrieveTransactionHistory</ns0:Operation>
			<ns0:SoapAction>/DBS/Services/PositionKeeping/retrieveTransactionHistory/v4_1</ns0:SoapAction>
			<ns0:MsgFile>//ConfigFiles/CRM_Request/CRM_TranHistInq.txt</ns0:MsgFile>
			<ns0:SvcHost>10.91.35.41</ns0:SvcHost>
			<ns0:SvcPort>37187</ns0:SvcPort>
			<ns0:Track>CRM</ns0:Track>
		</ns0:ServiceInfo>
		<ns0:ServiceInfo>
			<ns0:SvcName>FXQuoteRqAdd</ns0:SvcName>
			<ns0:Operation>requestFXRate</ns0:Operation>
			<ns0:SoapAction>/DBS/Services/CurrencyExchange/requestFXRate/v4_0</ns0:SoapAction>
			<ns0:MsgFile>//ConfigFiles/IST_Request/IST_requestFXRate.txt</ns0:MsgFile>
			<ns0:SvcHost>10.91.35.41</ns0:SvcHost>
			<ns0:SvcPort>37198</ns0:SvcPort>
			<ns0:Track>IST</ns0:Track>
		</ns0:ServiceInfo>
		<ns0:ServiceInfo>
			<ns0:SvcName>ATMNetworkOperation</ns0:SvcName>
			<ns0:Operation>notifyATMOperation</ns0:Operation>
			<ns0:SoapAction>/DBS/Services/ATMNetworkOperations/notifyATMOperation/v4_0</ns0:SoapAction>
			<ns0:MsgFile>//ConfigFiles/IST_Request/IST_ATMNetworkOperation.txt</ns0:MsgFile>
			<ns0:SvcHost>10.91.35.41</ns0:SvcHost>
			<ns0:SvcPort>37198</ns0:SvcPort>
			<ns0:Track>IST</ns0:Track>
		</ns0:ServiceInfo>
		<ns0:ServiceInfo>
			<ns0:SvcName>CardActivationAdd</ns0:SvcName>
			<ns0:Operation>activateChargeCardAuthorizationAssessment</ns0:Operation>
			<ns0:SoapAction>/DBS/Services/CardAuthorization/activateChargeCardAuthorizationAssessment/v4_0</ns0:SoapAction>
			<ns0:MsgFile>//ConfigFiles/IST_Request/IST_CardActivationAdd.txt</ns0:MsgFile>
			<ns0:SvcHost>10.91.35.41</ns0:SvcHost>
			<ns0:SvcPort>37197</ns0:SvcPort>
			<ns0:Track>IST</ns0:Track>
		</ns0:ServiceInfo>
		<ns0:ServiceInfo>
			<ns0:SvcName>ChannelProfInq</ns0:SvcName>
			<ns0:Operation>retrieveChannelProfile</ns0:Operation>
			<ns0:SoapAction>/DBS/Services/EBranchManagement/retrieveChannelProfile/v4_0</ns0:SoapAction>
			<ns0:MsgFile>//ConfigFiles/IST_Request/IST_ChannelProfInq.txt</ns0:MsgFile>
			<ns0:SvcHost>10.91.35.41</ns0:SvcHost>
			<ns0:SvcPort>37198</ns0:SvcPort>
			<ns0:Track>IST</ns0:Track>
		</ns0:ServiceInfo>
		<ns0:ServiceInfo>
			<ns0:SvcName>CustomerAccountInq</ns0:SvcName>
			<ns0:Operation>retrieveRelatedPartyAccounts</ns0:Operation>
			<ns0:SoapAction>/DBS/Services/CustomerAccessEntitlement/retrieveRelatedPartyAccounts/v4_0</ns0:SoapAction>
			<ns0:MsgFile>//ConfigFiles/IST_Request/IST_CustomerAccountInq.txt</ns0:MsgFile>
			<ns0:SvcHost>10.91.35.41</ns0:SvcHost>
			<ns0:SvcPort>37198</ns0:SvcPort>
			<ns0:Track>IST</ns0:Track>
		</ns0:ServiceInfo>
        <ns0:ServiceInfo>
            <ns0:SvcName>ChannelProfInq</ns0:SvcName>
            <ns0:Operation>retrieveChannelProfile</ns0:Operation>
            <ns0:SoapAction></ns0:SoapAction>
            <ns0:MsgFile>//ConfigFiles/IVR_Request/IVR_ChannelProfInq.txt</ns0:MsgFile>
            <ns0:SvcHost>10.91.35.41</ns0:SvcHost>
            <ns0:SvcPort>37191</ns0:SvcPort>
            <ns0:Track>IVR</ns0:Track>
        </ns0:ServiceInfo>
        <ns0:ServiceInfo>
            <ns0:SvcName>readPartyProductProfile</ns0:SvcName>
            <ns0:Operation>CustProdInq</ns0:Operation>
            <ns0:SoapAction></ns0:SoapAction>
            <ns0:MsgFile>//ConfigFiles/IVR_Request/IVR_CustProdInq.txt</ns0:MsgFile>
            <ns0:SvcHost>10.91.35.41</ns0:SvcHost>
            <ns0:SvcPort>37191</ns0:SvcPort>
            <ns0:Track>IVR</ns0:Track>
        </ns0:ServiceInfo>
		<ns0:ServiceInfo>
            <ns0:SvcName>retrieveDepositFulFillmentFD</ns0:SvcName>
            <ns0:Operation>FDDepInq</ns0:Operation>
            <ns0:SoapAction></ns0:SoapAction>
            <ns0:MsgFile>//ConfigFiles/IVR_Request/IVR_FDDepInq.txt</ns0:MsgFile>
            <ns0:SvcHost>10.91.35.41</ns0:SvcHost>
            <ns0:SvcPort>37191</ns0:SvcPort>
            <ns0:Track>IVR</ns0:Track>
        </ns0:ServiceInfo>
		<ns0:ServiceInfo>
            <ns0:SvcName>retrieveAccountBalance</ns0:SvcName>
            <ns0:Operation>AcctBalInq</ns0:Operation>
            <ns0:SoapAction></ns0:SoapAction>
            <ns0:MsgFile>//ConfigFiles/IVR_Request/IVR_AcctBalInq.txt</ns0:MsgFile>
            <ns0:SvcHost>10.91.35.41</ns0:SvcHost>
            <ns0:SvcPort>37191</ns0:SvcPort>
            <ns0:Track>IVR</ns0:Track>
        </ns0:ServiceInfo>
        <ns0:ServiceInfo>
            <ns0:SvcName>InqPartyProd</ns0:SvcName>
            <ns0:Operation>InquirePartyProductProfile</ns0:Operation>
            <ns0:SoapAction>/BIAN/BusinessScenarios/InqPartyProd</ns0:SoapAction>
            <ns0:MsgFile>//ConfigFiles/OnBoarding_Request/ONBOARDING_InqPartyProd.txt</ns0:MsgFile>
            <ns0:SvcHost>10.91.35.41</ns0:SvcHost>
            <ns0:SvcPort>37194</ns0:SvcPort>
            <ns0:Track>ONBOARDING</ns0:Track>
        </ns0:ServiceInfo>
        <ns0:ServiceInfo>
            <ns0:SvcName>CreditCardAuthRequest</ns0:SvcName>
            <ns0:Operation>CreditCardAuthRequest</ns0:Operation>
            <ns0:SoapAction></ns0:SoapAction>
            <ns0:MsgFile>//ConfigFiles/TELLER_Request/TELLER_CreditCardAuth.txt</ns0:MsgFile>
            <ns0:SvcHost>10.91.35.41</ns0:SvcHost>
            <ns0:SvcPort>37186</ns0:SvcPort>
			<ns0:RequestURI>/SERVICES/REQUESTCREDITCARDAUTHORIZATIONASSESSMENT_V_1</ns0:RequestURI>
            <ns0:Track>TELLER</ns0:Track>
        </ns0:ServiceInfo>
        <ns0:ServiceInfo>
            <ns0:SvcName>AcctDetailInq</ns0:SvcName>
            <ns0:Operation>retrieveAccountDetails</ns0:Operation>
            <ns0:SoapAction>/DBS/Services/PositionManagement/retrieveAccountDetails/v4_4</ns0:SoapAction>
            <ns0:MsgFile>//ConfigFiles/BOSS_Request/BOSS_AcctDetailInq.txt</ns0:MsgFile>
            <ns0:SvcHost>10.91.35.41</ns0:SvcHost>
            <ns0:SvcPort>37189</ns0:SvcPort>
            <ns0:Track>BOSS</ns0:Track>
        </ns0:ServiceInfo>
        <ns0:ServiceInfo>
            <ns0:SvcName>CustProfInq</ns0:SvcName>
            <ns0:Operation>readPartyProfile</ns0:Operation>
            <ns0:SoapAction>/DBS/Services/PartyDataManagement/readPartyProfile/v4_5</ns0:SoapAction>
            <ns0:MsgFile>//ConfigFiles/BOSS_Request/BOSS_CustProfInq.txt</ns0:MsgFile>
            <ns0:SvcHost>10.91.35.41</ns0:SvcHost>
            <ns0:SvcPort>37189</ns0:SvcPort>
            <ns0:Track>BOSS</ns0:Track>
        </ns0:ServiceInfo>
		<ns0:ServiceInfo>
            <ns0:SvcName>AcctSchemeInq</ns0:SvcName>
            <ns0:Operation>retrieveAccountScheme</ns0:Operation>
            <ns0:SoapAction>/DBS/Services/PositionManagement/retrieveAccountScheme/v4_0</ns0:SoapAction>
            <ns0:MsgFile>//ConfigFiles/BOSS_Request/BOSS_AcctSchemeInq.txt</ns0:MsgFile>
            <ns0:SvcHost>10.91.35.41</ns0:SvcHost>
            <ns0:SvcPort>37189</ns0:SvcPort>
            <ns0:Track>BOSS</ns0:Track>
        </ns0:ServiceInfo>
        <ns0:ServiceInfo>
            <ns0:SvcName>AcctDetailInq</ns0:SvcName>
            <ns0:Operation>retrieveAccountDetails</ns0:Operation>
            <ns0:SoapAction>/DBS/Services/PositionManagement/retrieveAccountDetails/v4_4</ns0:SoapAction>
            <ns0:MsgFile>//ConfigFiles/ISTC_Request/ISTC_AcctDetailInq.txt</ns0:MsgFile>
            <ns0:SvcHost>10.91.35.41</ns0:SvcHost>
            <ns0:SvcPort>37190</ns0:SvcPort>
            <ns0:Track>ISTC</ns0:Track>
        </ns0:ServiceInfo>
    </ns0:Services>
</ns0:SvcConfig>