<?xml version = "1.0" encoding = "UTF-8"?>
<ns:SvcConfig xmlns:ns = "http://www.dbs.com/schemas/HealthCheckReport/SvcConfig.xsd" xmlns:xsi = "http://www.w3.org/2001/XMLSchema-instance" xsi:schemaLocation = "http://www.dbs.com/schemas/HealthCheckReport/SvcConfig.xsd ../Resources/Schemas/SvcConfig.xsd">   
	<ns:Services>      
		<ns:ServiceInfo>         
			<ns:SvcName>queryParty</ns:SvcName>         
			<ns:Operation>CustNameSrh</ns:Operation>         
			<ns:SoapAction>/DBS/Services/PartyDataManagement/queryParty/v4_3</ns:SoapAction>         
			<ns:MsgFile>//ConfigFiles/CCTR_Request/CCTR_CustNameSrh.txt</ns:MsgFile>         
			<ns:Track>CCTR</ns:Track>         
			<ns:HTTP>            
				<ns:SvcHost>10.91.35.41</ns:SvcHost>            
				<ns:SvcPort>37188</ns:SvcPort>         
			</ns:HTTP>      
		</ns:ServiceInfo>      
		<ns:ServiceInfo>         
			<ns:SvcName>retrievePartyProductProfile</ns:SvcName>         
			<ns:Operation>CustProdInq</ns:Operation>         
			<ns:SoapAction>/DBS/Services/PartyDataManagement/retrievePartyProductProfile/v4_5</ns:SoapAction>         
			<ns:MsgFile>//ConfigFiles/CCTR_Request/CCTR_CustProdInq.txt</ns:MsgFile>         
			<ns:Track>CCTR</ns:Track>         
			<ns:HTTP>            
				<ns:SvcHost>10.91.35.41</ns:SvcHost>            
				<ns:SvcPort>37188</ns:SvcPort>         
			</ns:HTTP>      
		</ns:ServiceInfo>      
		<ns:ServiceInfo>         
			<ns:SvcName>MarketingPrefUpdate</ns:SvcName>         
			<ns:Operation>MarketingPrefUpdate</ns:Operation>         
			<ns:SoapAction>/DBS/Services/OrchSvc/MarketingPrefUpdate/v4_4</ns:SoapAction>         
			<ns:MsgFile>//ConfigFiles/CCTR_Request/CCTR_MktgPrefUpd.txt</ns:MsgFile>         
			<ns:Track>CCTR</ns:Track>         
			<ns:HTTP>            
				<ns:SvcHost>10.91.35.41</ns:SvcHost>            
				<ns:SvcPort>37216</ns:SvcPort>         
			</ns:HTTP>      
		</ns:ServiceInfo>      
		<ns:ServiceInfo>         
			<ns:SvcName>FDDepInq</ns:SvcName>         
			<ns:Operation>retrieveDepositFulFillmentFD</ns:Operation>         
			<ns:SoapAction>/DBS/Services/DepositAccount/retrieveDepositFulFillmentFD/v4_3</ns:SoapAction>         
			<ns:MsgFile>//ConfigFiles/CRM_Request/CRM_FDDepInq.txt</ns:MsgFile>         
			<ns:Track>CRM</ns:Track>         
			<ns:HTTP>            
				<ns:SvcHost>10.91.35.41</ns:SvcHost>            
				<ns:SvcPort>37187</ns:SvcPort>         
			</ns:HTTP>      
		</ns:ServiceInfo>      
		<ns:ServiceInfo>         
			<ns:SvcName>AcctDetailInq</ns:SvcName>         
			<ns:Operation>retrieveAccountDetails</ns:Operation>         
			<ns:SoapAction>/DBS/Services/PositionManagement/retrieveAccountDetails/v4_4</ns:SoapAction>         
			<ns:MsgFile>//ConfigFiles/CRM_Request/CRM_AccountDetails.txt</ns:MsgFile>         
			<ns:Track>CRM</ns:Track>         
			<ns:HTTP>            
				<ns:SvcHost>10.91.35.41</ns:SvcHost>            
				<ns:SvcPort>37187</ns:SvcPort>         
			</ns:HTTP>      
		</ns:ServiceInfo>      
		<ns:ServiceInfo>         
			<ns:SvcName>TranhistInq</ns:SvcName>         
			<ns:Operation>retrieveTransactionHistory</ns:Operation>         
			<ns:SoapAction>/DBS/Services/PositionKeeping/retrieveTransactionHistory/v4_1</ns:SoapAction>         
			<ns:MsgFile>//ConfigFiles/CRM_Request/CRM_TranHistInq.txt</ns:MsgFile>         
			<ns:Track>CRM</ns:Track>         
			<ns:HTTP>            
				<ns:SvcHost>10.91.35.41</ns:SvcHost>            
				<ns:SvcPort>37187</ns:SvcPort>         
			</ns:HTTP>      
		</ns:ServiceInfo>      
		<ns:ServiceInfo>         
			<ns:SvcName>FXQuoteRqAdd</ns:SvcName>         
			<ns:Operation>requestFXRate</ns:Operation>         
			<ns:SoapAction>/DBS/Services/CurrencyExchange/requestFXRate/v4_0</ns:SoapAction>         
			<ns:MsgFile>//ConfigFiles/IST_Request/IST_requestFXRate.txt</ns:MsgFile>         
			<ns:Track>IST</ns:Track>         
			<ns:HTTP>            
				<ns:SvcHost>10.91.35.41</ns:SvcHost>            
				<ns:SvcPort>37198</ns:SvcPort>         
			</ns:HTTP>      
		</ns:ServiceInfo>      
		<ns:ServiceInfo>         
			<ns:SvcName>ATMNetworkOperation</ns:SvcName>         
			<ns:Operation>notifyATMOperation</ns:Operation>         
			<ns:SoapAction>/DBS/Services/ATMNetworkOperations/notifyATMOperation/v4_0</ns:SoapAction>         
			<ns:MsgFile>//ConfigFiles/IST_Request/IST_ATMNetworkOperation.txt</ns:MsgFile>         
			<ns:Track>IST</ns:Track>         
			<ns:HTTP>            
				<ns:SvcHost>10.91.35.41</ns:SvcHost>            
				<ns:SvcPort>37198</ns:SvcPort>         
			</ns:HTTP>      
		</ns:ServiceInfo>      
		<ns:ServiceInfo>         
			<ns:SvcName>CardActivationAdd</ns:SvcName>         
			<ns:Operation>activateChargeCardAuthorizationAssessment</ns:Operation>         
			<ns:SoapAction>/DBS/Services/CardAuthorization/activateChargeCardAuthorizationAssessment/v4_0</ns:SoapAction>         
			<ns:MsgFile>//ConfigFiles/IST_Request/IST_CardActivationAdd.txt</ns:MsgFile>         
			<ns:Track>IST</ns:Track>         
			<ns:HTTP>            
				<ns:SvcHost>10.91.35.41</ns:SvcHost>            
				<ns:SvcPort>37197</ns:SvcPort>         
			</ns:HTTP>      
		</ns:ServiceInfo>      
		<ns:ServiceInfo>         
			<ns:SvcName>ChannelProfInq</ns:SvcName>         
			<ns:Operation>retrieveChannelProfile</ns:Operation>         
			<ns:SoapAction>/DBS/Services/EBranchManagement/retrieveChannelProfile/v4_0</ns:SoapAction>         
			<ns:MsgFile>//ConfigFiles/IST_Request/IST_ChannelProfInq.txt</ns:MsgFile>         
			<ns:Track>IST</ns:Track>         
			<ns:HTTP>            
				<ns:SvcHost>10.91.35.41</ns:SvcHost>            
				<ns:SvcPort>37198</ns:SvcPort>         
			</ns:HTTP>      
		</ns:ServiceInfo>      
		<ns:ServiceInfo>         
			<ns:SvcName>CustomerAccountInq</ns:SvcName>         
			<ns:Operation>retrieveRelatedPartyAccounts</ns:Operation>         
			<ns:SoapAction>/DBS/Services/CustomerAccessEntitlement/retrieveRelatedPartyAccounts/v4_0</ns:SoapAction>         
			<ns:MsgFile>//ConfigFiles/IST_Request/IST_CustomerAccountInq.txt</ns:MsgFile>         
			<ns:Track>IST</ns:Track>         
			<ns:HTTP>            
				<ns:SvcHost>10.91.35.41</ns:SvcHost>            
				<ns:SvcPort>37198</ns:SvcPort>         
			</ns:HTTP>      
		</ns:ServiceInfo>      
		<ns:ServiceInfo>         
			<ns:SvcName>ChannelProfInq</ns:SvcName>         
			<ns:Operation>retrieveChannelProfile</ns:Operation>         
			<ns:SoapAction/>         
			<ns:MsgFile>//ConfigFiles/IVR_Request/IVR_ChannelProfInq.txt</ns:MsgFile>         
			<ns:Track>IVR</ns:Track>         
			<ns:HTTP>            
				<ns:SvcHost>10.91.35.41</ns:SvcHost>            
				<ns:SvcPort>37191</ns:SvcPort>         
			</ns:HTTP>      
		</ns:ServiceInfo>      
		<ns:ServiceInfo>         
			<ns:SvcName>readPartyProductProfile</ns:SvcName>         
			<ns:Operation>CustProdInq</ns:Operation>         
			<ns:SoapAction/>         
			<ns:MsgFile>//ConfigFiles/IVR_Request/IVR_CustProdInq.txt</ns:MsgFile>         
			<ns:Track>IVR</ns:Track>         
			<ns:HTTP>            
				<ns:SvcHost>10.91.35.41</ns:SvcHost>            
				<ns:SvcPort>37191</ns:SvcPort>         
			</ns:HTTP>      
		</ns:ServiceInfo>      
		<ns:ServiceInfo>         
			<ns:SvcName>retrieveDepositFulFillmentFD</ns:SvcName>         
			<ns:Operation>FDDepInq</ns:Operation>         
			<ns:SoapAction/>         
			<ns:MsgFile>//ConfigFiles/IVR_Request/IVR_FDDepInq.txt</ns:MsgFile>         
			<ns:Track>IVR</ns:Track>         
			<ns:HTTP>            
				<ns:SvcHost>10.91.35.41</ns:SvcHost>            
				<ns:SvcPort>37191</ns:SvcPort>         
			</ns:HTTP>      
		</ns:ServiceInfo>      
		<ns:ServiceInfo>         
			<ns:SvcName>retrieveAccountBalance</ns:SvcName>         
			<ns:Operation>AcctBalInq</ns:Operation>         
			<ns:SoapAction/>         
			<ns:MsgFile>//ConfigFiles/IVR_Request/IVR_AcctBalInq.txt</ns:MsgFile>         
			<ns:Track>IVR</ns:Track>         
			<ns:HTTP>            
				<ns:SvcHost>10.91.35.41</ns:SvcHost>            
				<ns:SvcPort>37191</ns:SvcPort>         
			</ns:HTTP>      
		</ns:ServiceInfo>      
		<ns:ServiceInfo>         
			<ns:SvcName>InqPartyProd</ns:SvcName>         
			<ns:Operation>InquirePartyProductProfile</ns:Operation>         
			<ns:SoapAction>/BIAN/BusinessScenarios/InqPartyProd</ns:SoapAction>         
			<ns:MsgFile>//ConfigFiles/OnBoarding_Request/ONBOARDING_InqPartyProd.txt</ns:MsgFile>         
			<ns:Track>ONBOARDING</ns:Track>         
			<ns:HTTP>            
				<ns:SvcHost>10.91.35.41</ns:SvcHost>            
				<ns:SvcPort>37194</ns:SvcPort>         
			</ns:HTTP>      
		</ns:ServiceInfo>      
		<ns:ServiceInfo>         
			<ns:SvcName>CreditCardAuthRequest</ns:SvcName>         
			<ns:Operation>CreditCardAuthRequest</ns:Operation>         
			<ns:SoapAction/>         
			<ns:MsgFile>//ConfigFiles/TELLER_Request/TELLER_CreditCardAuth.txt</ns:MsgFile>         
			<ns:Track>TELLER</ns:Track>         
			<ns:HTTP>            
				<ns:SvcHost>10.91.35.41</ns:SvcHost>            
				<ns:SvcPort>37186</ns:SvcPort>            
				<ns:RequestURI>/SERVICES/REQUESTCREDITCARDAUTHORIZATIONASSESSMENT_V_1</ns:RequestURI>         
			</ns:HTTP>      
		</ns:ServiceInfo>      
		<ns:ServiceInfo>         
			<ns:SvcName>AcctDetailInq</ns:SvcName>         
			<ns:Operation>retrieveAccountDetails</ns:Operation>         
			<ns:SoapAction>/DBS/Services/PositionManagement/retrieveAccountDetails/v4_4</ns:SoapAction>         
			<ns:MsgFile>//ConfigFiles/BOSS_Request/BOSS_AcctDetailInq.txt</ns:MsgFile>         
			<ns:Track>BOSS</ns:Track>         
			<ns:HTTP>            
				<ns:SvcHost>10.91.35.41</ns:SvcHost>            
				<ns:SvcPort>37189</ns:SvcPort>         
			</ns:HTTP>      
		</ns:ServiceInfo>      
		<ns:ServiceInfo>         
			<ns:SvcName>CustProfInq</ns:SvcName>         
			<ns:Operation>readPartyProfile</ns:Operation>         
			<ns:SoapAction>/DBS/Services/PartyDataManagement/readPartyProfile/v4_5</ns:SoapAction>         
			<ns:MsgFile>//ConfigFiles/BOSS_Request/BOSS_CustProfInq.txt</ns:MsgFile>         
			<ns:Track>BOSS</ns:Track>         
			<ns:HTTP>            
				<ns:SvcHost>10.91.35.41</ns:SvcHost>            
				<ns:SvcPort>37189</ns:SvcPort>         
			</ns:HTTP>      
		</ns:ServiceInfo>      
		<ns:ServiceInfo>         
			<ns:SvcName>AcctSchemeInq</ns:SvcName>         
			<ns:Operation>retrieveAccountScheme</ns:Operation>         
			<ns:SoapAction>/DBS/Services/PositionManagement/retrieveAccountScheme/v4_0</ns:SoapAction>         
			<ns:MsgFile>//ConfigFiles/BOSS_Request/BOSS_AcctSchemeInq.txt</ns:MsgFile>         
			<ns:Track>BOSS</ns:Track>         
			<ns:HTTP>            
				<ns:SvcHost>10.91.35.41</ns:SvcHost>            
				<ns:SvcPort>37189</ns:SvcPort>         
			</ns:HTTP>      
		</ns:ServiceInfo>      
		<ns:ServiceInfo>         
			<ns:SvcName>AcctDetailInq</ns:SvcName>         
			<ns:Operation>retrieveAccountDetails</ns:Operation>         
			<ns:SoapAction>/DBS/Services/PositionManagement/retrieveAccountDetails/v4_4</ns:SoapAction>         
			<ns:MsgFile>//ConfigFiles/ISTC_Request/ISTC_AcctDetailInq.txt</ns:MsgFile>         
			<ns:Track>ISTC</ns:Track>         
			<ns:HTTP>            
				<ns:SvcHost>10.91.35.41</ns:SvcHost>            
				<ns:SvcPort>37190</ns:SvcPort>         
			</ns:HTTP>      
		</ns:ServiceInfo>   
	</ns:Services>
</ns:SvcConfig>